,SEASON_ID,TEAM_ID,TEAM_ABBREVIATION,TEAM_NAME,GAME_ID,GAME_DATE,MATCHUP,WL,MIN,PTS,FGM,FGA,FG_PCT,FG3M,FG3A,FG3_PCT,FTM,FTA,FT_PCT,OREB,DREB,REB,AST,STL,BLK,TOV,PF,PLUS_MINUS
0,41984,1610612747,LAL,Los Angeles Lakers,0048400406,1985-06-09,LAL @ BOS,W,240,111,43,84,0.512,0,2,0.0,25,36,0.694,12,32,44,27,10,2,12,26,
1,41984,1610612747,LAL,Los Angeles Lakers,0048400405,1985-06-07,LAL vs. BOS,W,240,120,50,88,0.568,0,2,0.0,20,27,0.741,10,29,39,40,8,7,9,19,
2,41984,1610612747,LAL,Los Angeles Lakers,0048400404,1985-06-05,LAL vs. BOS,L,240,105,40,83,0.482,1,4,0.25,24,29,0.828,9,31,40,32,7,0,14,24,
3,41984,1610612747,LAL,Los Angeles Lakers,0048400403,1985-06-02,LAL vs. BOS,W,240,136,52,96,0.542,4,8,0.5,28,36,0.778,13,36,49,34,12,6,12,28,
4,41984,1610612747,LAL,Los Angeles Lakers,0048400402,1985-05-30,LAL @ BOS,W,240,109,44,92,0.478,1,2,0.5,20,29,0.69,14,35,49,31,9,5,16,32,
5,41984,1610612747,LAL,Los Angeles Lakers,0048400401,1985-05-27,LAL @ BOS,L,236,114,49,99,0.495,2,5,0.4,14,21,0.667,8,27,35,27,9,4,12,23,
6,41984,1610612747,LAL,Los Angeles Lakers,0048400315,1985-05-22,LAL vs. DEN,W,240,153,67,116,0.578,1,4,0.25,18,21,0.857,17,37,54,42,13,13,12,23,
7,41984,1610612747,LAL,Los Angeles Lakers,0048400314,1985-05-19,LAL @ DEN,W,240,120,48,84,0.571,1,4,0.25,23,29,0.793,18,37,55,34,3,11,20,27,
8,41984,1610612747,LAL,Los Angeles Lakers,0048400313,1985-05-17,LAL @ DEN,W,240,136,54,94,0.574,2,6,0.333,26,34,0.765,9,43,52,35,10,8,22,28,
9,41984,1610612747,LAL,Los Angeles Lakers,0048400312,1985-05-14,LAL vs. DEN,L,240,114,48,102,0.471,2,10,0.2,16,21,0.762,14,33,47,29,7,7,24,29,
10,41984,1610612747,LAL,Los Angeles Lakers,0048400311,1985-05-11,LAL vs. DEN,W,240,139,57,89,0.64,4,4,1.0,21,30,0.7,9,31,40,39,15,4,24,26,
11,41984,1610612747,LAL,Los Angeles Lakers,0048400225,1985-05-07,LAL vs. POR,W,240,139,50,89,0.562,0,2,0.0,39,42,0.929,15,32,47,35,8,9,14,30,
12,41984,1610612747,LAL,Los Angeles Lakers,0048400224,1985-05-05,LAL @ POR,L,240,107,37,81,0.457,0,4,0.0,33,42,0.786,19,32,51,24,10,7,28,26,
13,41984,1610612747,LAL,Los Angeles Lakers,0048400223,1985-05-03,LAL @ POR,W,240,130,48,86,0.558,1,1,1.0,33,39,0.846,16,29,45,33,4,6,17,28,
14,41984,1610612747,LAL,Los Angeles Lakers,0048400222,1985-04-30,LAL vs. POR,W,240,134,50,90,0.556,5,8,0.625,29,43,0.674,10,31,41,37,10,7,20,25,
15,41984,1610612747,LAL,Los Angeles Lakers,0048400221,1985-04-27,LAL vs. POR,W,240,125,52,107,0.486,0,2,0.0,21,33,0.636,20,43,63,37,12,9,13,21,
16,41984,1610612747,LAL,Los Angeles Lakers,0048400143,1985-04-23,LAL @ PHX,W,240,119,46,80,0.575,3,4,0.75,24,33,0.727,14,28,42,26,6,4,19,29,
17,41984,1610612747,LAL,Los Angeles Lakers,0048400142,1985-04-20,LAL vs. PHX,W,240,147,58,94,0.617,1,3,0.333,30,38,0.789,13,24,37,37,13,6,18,32,
18,41984,1610612747,LAL,Los Angeles Lakers,0048400141,1985-04-18,LAL vs. PHX,W,240,142,61,101,0.604,1,3,0.333,19,30,0.633,11,35,46,41,12,5,15,25,
19,21984,1610612747,LAL,Los Angeles Lakers,0028400941,1985-04-14,LAL @ KCK,W,240,122,46,101,0.455,3,5,0.6,27,34,0.794,15,24,39,31,14,5,17,24,
20,21984,1610612747,LAL,Los Angeles Lakers,0028400924,1985-04-12,LAL vs. SEA,W,240,145,64,109,0.587,0,2,0.0,17,29,0.586,18,36,54,43,8,7,14,33,
21,21984,1610612747,LAL,Los Angeles Lakers,0028400918,1985-04-11,LAL @ GOS,W,240,137,55,92,0.598,1,4,0.25,26,36,0.722,8,32,40,35,8,5,20,30,
22,21984,1610612747,LAL,Los Angeles Lakers,0028400906,1985-04-09,LAL vs. DEN,W,240,148,62,105,0.59,5,8,0.625,19,26,0.731,13,29,42,43,8,9,15,20,
23,21984,1610612747,LAL,Los Angeles Lakers,0028400902,1985-04-07,LAL vs. POR,W,265,135,51,98,0.52,1,3,0.333,32,39,0.821,19,42,61,32,9,8,30,33,
24,21984,1610612747,LAL,Los Angeles Lakers,0028400888,1985-04-05,LAL vs. KCK,W,240,132,53,91,0.582,0,2,0.0,26,32,0.813,9,27,36,37,10,3,17,23,
25,21984,1610612747,LAL,Los Angeles Lakers,0028400877,1985-04-03,LAL @ SAN,L,240,108,42,82,0.512,2,5,0.4,22,29,0.759,19,28,47,21,7,6,23,16,
26,21984,1610612747,LAL,Los Angeles Lakers,0028400865,1985-04-02,LAL @ DEN,W,240,118,44,83,0.53,1,3,0.333,29,34,0.853,14,36,50,25,9,6,22,27,
27,21984,1610612747,LAL,Los Angeles Lakers,0028400862,1985-03-31,LAL vs. PHX,W,240,123,55,84,0.655,1,2,0.5,12,15,0.8,9,27,36,41,11,13,13,18,
28,21984,1610612747,LAL,Los Angeles Lakers,0028400844,1985-03-29,LAL vs. DAL,W,240,120,53,95,0.558,0,5,0.0,14,17,0.824,10,34,44,31,4,6,16,19,
29,21984,1610612747,LAL,Los Angeles Lakers,0028400833,1985-03-27,LAL @ SEA,W,240,122,48,91,0.527,0,4,0.0,26,30,0.867,10,31,41,33,11,7,15,29,
30,21984,1610612747,LAL,Los Angeles Lakers,0028400831,1985-03-26,LAL @ POR,L,255,113,42,84,0.5,1,5,0.2,28,33,0.848,11,33,44,29,10,1,27,32,
31,21984,1610612747,LAL,Los Angeles Lakers,0028400819,1985-03-24,LAL vs. DET,W,240,148,64,98,0.653,1,4,0.25,19,27,0.704,8,29,37,44,8,10,14,25,
32,21984,1610612747,LAL,Los Angeles Lakers,0028400804,1985-03-22,LAL @ HOU,W,240,130,55,89,0.618,3,3,1.0,17,22,0.773,12,44,56,39,14,3,24,24,
33,21984,1610612747,LAL,Los Angeles Lakers,0028400791,1985-03-19,LAL @ PHX,W,240,130,49,87,0.563,2,4,0.5,30,34,0.882,12,30,42,27,11,3,20,26,
34,21984,1610612747,LAL,Los Angeles Lakers,0028400770,1985-03-16,LAL @ LAC,W,240,123,48,91,0.527,1,3,0.333,26,31,0.839,14,36,50,33,5,3,15,23,
35,21984,1610612747,LAL,Los Angeles Lakers,0028400765,1985-03-15,LAL vs. SAN,W,240,115,45,86,0.523,1,5,0.2,24,31,0.774,15,25,40,31,8,7,15,16,
36,21984,1610612747,LAL,Los Angeles Lakers,0028400751,1985-03-13,LAL @ UTH,W,240,120,46,90,0.511,1,5,0.2,27,33,0.818,18,31,49,31,14,4,15,18,
37,21984,1610612747,LAL,Los Angeles Lakers,0028400741,1985-03-12,LAL vs. UTH,W,240,123,50,93,0.538,2,6,0.333,21,29,0.724,17,36,53,32,9,7,22,26,
38,21984,1610612747,LAL,Los Angeles Lakers,0028400731,1985-03-09,LAL vs. CLE,W,240,133,56,96,0.583,3,5,0.6,18,27,0.667,14,40,54,46,8,9,22,31,
39,21984,1610612747,LAL,Los Angeles Lakers,0028400714,1985-03-06,LAL vs. GOS,W,240,145,58,94,0.617,0,2,0.0,29,35,0.829,17,32,49,42,14,5,21,32,
40,21984,1610612747,LAL,Los Angeles Lakers,0028400689,1985-03-02,LAL @ DAL,W,240,125,50,84,0.595,1,2,0.5,24,27,0.889,10,37,47,39,12,12,19,25,
41,21984,1610612747,LAL,Los Angeles Lakers,0028400674,1985-02-28,LAL @ PHX,L,240,105,43,89,0.483,1,6,0.167,18,25,0.72,9,29,38,26,10,3,16,31,
42,21984,1610612747,LAL,Los Angeles Lakers,0028400659,1985-02-26,LAL vs. HOU,W,240,100,43,93,0.462,1,5,0.2,13,16,0.813,17,34,51,33,11,10,25,20,
43,21984,1610612747,LAL,Los Angeles Lakers,0028400650,1985-02-24,LAL @ NYK,W,240,119,45,85,0.529,0,1,0.0,29,40,0.725,21,32,53,34,5,2,19,22,
44,21984,1610612747,LAL,Los Angeles Lakers,0028400644,1985-02-22,LAL @ IND,L,240,113,39,78,0.5,3,5,0.6,32,45,0.711,10,28,38,26,7,5,20,23,
45,21984,1610612747,LAL,Los Angeles Lakers,0028400634,1985-02-21,LAL @ KCK,W,240,123,50,92,0.543,1,3,0.333,22,27,0.815,21,23,44,35,8,9,17,23,
46,21984,1610612747,LAL,Los Angeles Lakers,0028400621,1985-02-19,LAL @ CHI,W,240,127,54,83,0.651,3,5,0.6,16,22,0.727,7,27,34,29,4,8,14,23,
47,21984,1610612747,LAL,Los Angeles Lakers,0028400614,1985-02-17,LAL vs. BOS,W,240,117,42,82,0.512,0,2,0.0,33,41,0.805,10,24,34,28,7,3,13,20,
48,21984,1610612747,LAL,Los Angeles Lakers,0028400597,1985-02-15,LAL vs. ATL,W,240,120,47,78,0.603,1,3,0.333,25,35,0.714,13,29,42,34,4,5,15,24,
49,21984,1610612747,LAL,Los Angeles Lakers,0028400583,1985-02-12,LAL vs. LAC,W,240,121,53,106,0.5,1,4,0.25,14,19,0.737,20,27,47,31,14,7,14,16,
50,21984,1610612747,LAL,Los Angeles Lakers,0028400556,1985-02-05,LAL @ HOU,W,240,113,45,86,0.523,0,4,0.0,23,27,0.852,8,26,34,35,11,2,15,20,
51,21984,1610612747,LAL,Los Angeles Lakers,0028400548,1985-02-03,LAL vs. IND,W,240,122,51,95,0.537,2,3,0.667,18,29,0.621,14,41,55,35,8,7,12,15,
52,21984,1610612747,LAL,Los Angeles Lakers,0028400546,1985-02-02,LAL @ LAC,W,240,105,47,93,0.505,0,3,0.0,11,17,0.647,13,36,49,34,7,9,16,19,
53,21984,1610612747,LAL,Los Angeles Lakers,0028400535,1985-02-01,LAL vs. NYK,W,240,105,37,83,0.446,1,7,0.143,30,43,0.698,14,25,39,27,12,8,17,26,
54,21984,1610612747,LAL,Los Angeles Lakers,0028400524,1985-01-30,LAL vs. HOU,L,240,113,48,83,0.578,2,4,0.5,15,21,0.714,9,27,36,26,7,2,25,21,
55,21984,1610612747,LAL,Los Angeles Lakers,0028400513,1985-01-29,LAL @ POR,W,240,122,54,83,0.651,0,3,0.0,14,14,1.0,8,32,40,32,3,2,16,29,
56,21984,1610612747,LAL,Los Angeles Lakers,0028400503,1985-01-26,LAL @ UTH,L,240,83,35,68,0.515,1,6,0.167,12,17,0.706,13,26,39,21,4,4,27,24,
57,21984,1610612747,LAL,Los Angeles Lakers,0028400493,1985-01-25,LAL vs. PHL,W,240,109,47,85,0.553,1,2,0.5,14,20,0.7,13,24,37,34,9,8,19,22,
58,21984,1610612747,LAL,Los Angeles Lakers,0028400481,1985-01-22,LAL vs. LAC,W,240,123,47,93,0.505,1,3,0.333,28,38,0.737,18,29,47,24,10,3,16,20,
59,21984,1610612747,LAL,Los Angeles Lakers,0028400462,1985-01-19,LAL @ GOS,W,240,139,58,93,0.624,1,1,1.0,22,37,0.595,14,30,44,32,17,6,20,28,
60,21984,1610612747,LAL,Los Angeles Lakers,0028400457,1985-01-18,LAL vs. DAL,W,240,110,50,92,0.543,0,3,0.0,10,14,0.714,9,36,45,35,8,4,13,22,
61,21984,1610612747,LAL,Los Angeles Lakers,0028400449,1985-01-16,LAL @ BOS,L,250,102,44,89,0.494,1,5,0.2,13,18,0.722,9,30,39,28,10,2,14,19,
62,21984,1610612747,LAL,Los Angeles Lakers,0028400438,1985-01-15,LAL @ MIL,L,240,105,46,76,0.605,1,5,0.2,12,18,0.667,8,30,38,27,4,3,22,26,
63,21984,1610612747,LAL,Los Angeles Lakers,0028400431,1985-01-13,LAL @ DET,L,240,98,43,92,0.467,2,5,0.4,10,16,0.625,8,36,44,27,5,9,19,21,
64,21984,1610612747,LAL,Los Angeles Lakers,0028400414,1985-01-11,LAL @ DAL,W,240,121,51,86,0.593,3,6,0.5,16,22,0.727,11,33,44,27,4,4,12,20,
65,21984,1610612747,LAL,Los Angeles Lakers,0028400409,1985-01-10,LAL vs. UTH,W,240,120,49,97,0.505,2,4,0.5,20,21,0.952,20,34,54,32,7,4,27,24,
66,21984,1610612747,LAL,Los Angeles Lakers,0028400398,1985-01-08,LAL vs. DEN,L,240,124,48,80,0.6,2,5,0.4,26,40,0.65,11,31,42,34,4,8,21,23,
67,21984,1610612747,LAL,Los Angeles Lakers,0028400392,1985-01-06,LAL vs. SAN,W,240,99,42,84,0.5,2,3,0.667,13,20,0.65,8,33,41,31,10,6,18,25,
68,21984,1610612747,LAL,Los Angeles Lakers,0028400375,1985-01-04,LAL vs. POR,W,240,120,53,96,0.552,0,1,0.0,14,18,0.778,13,30,43,42,12,7,17,22,
69,21984,1610612747,LAL,Los Angeles Lakers,0028400354,1984-12-29,LAL vs. LAC,W,240,113,48,92,0.522,0,2,0.0,17,25,0.68,13,31,44,36,7,4,13,28,
70,21984,1610612747,LAL,Los Angeles Lakers,0028400342,1984-12-28,LAL @ DEN,W,240,135,56,92,0.609,0,1,0.0,23,27,0.852,15,37,52,31,3,9,19,26,
71,21984,1610612747,LAL,Los Angeles Lakers,0028400328,1984-12-26,LAL vs. SEA,W,240,101,40,80,0.5,0,2,0.0,21,26,0.808,11,25,36,28,12,6,21,33,
72,21984,1610612747,LAL,Los Angeles Lakers,0028400308,1984-12-21,LAL vs. PHX,W,240,119,50,94,0.532,2,7,0.286,17,27,0.63,15,38,53,34,5,3,12,17,
73,21984,1610612747,LAL,Los Angeles Lakers,0028400301,1984-12-19,LAL @ HOU,W,240,123,47,94,0.5,1,4,0.25,28,30,0.933,13,29,42,38,13,5,14,28,
74,21984,1610612747,LAL,Los Angeles Lakers,0028400295,1984-12-18,LAL @ ATL,W,240,117,47,83,0.566,1,2,0.5,22,24,0.917,12,33,45,26,4,1,18,17,
75,21984,1610612747,LAL,Los Angeles Lakers,0028400286,1984-12-16,LAL vs. WAS,W,240,109,46,90,0.511,0,2,0.0,17,20,0.85,18,31,49,33,9,3,19,14,
76,21984,1610612747,LAL,Los Angeles Lakers,0028400267,1984-12-13,LAL @ SEA,L,265,122,48,97,0.495,1,2,0.5,25,32,0.781,20,28,48,32,6,9,17,29,
77,21984,1610612747,LAL,Los Angeles Lakers,0028400259,1984-12-12,LAL vs. GOS,W,240,131,50,88,0.568,1,3,0.333,30,45,0.667,16,36,52,34,4,5,18,31,
78,21984,1610612747,LAL,Los Angeles Lakers,0028400240,1984-12-08,LAL @ WAS,L,240,98,41,87,0.471,1,5,0.2,15,20,0.75,13,30,43,26,10,5,14,22,
79,21984,1610612747,LAL,Los Angeles Lakers,0028400232,1984-12-07,LAL @ PHL,L,240,116,51,89,0.573,2,4,0.5,12,17,0.706,14,25,39,34,6,8,14,28,
80,21984,1610612747,LAL,Los Angeles Lakers,0028400221,1984-12-05,LAL @ NJN,W,240,104,42,78,0.538,1,2,0.5,19,28,0.679,9,28,37,20,13,6,17,19,
81,21984,1610612747,LAL,Los Angeles Lakers,0028400215,1984-12-04,LAL @ CLE,W,240,116,50,91,0.549,0,0,,16,19,0.842,17,32,49,25,7,10,19,18,
82,21984,1610612747,LAL,Los Angeles Lakers,0028400206,1984-12-02,LAL vs. CHI,L,240,112,45,86,0.523,0,4,0.0,22,27,0.815,15,26,41,31,5,10,8,22,
83,21984,1610612747,LAL,Los Angeles Lakers,0028400194,1984-11-30,LAL vs. KCK,W,240,130,51,101,0.505,1,3,0.333,27,32,0.844,16,24,40,27,11,4,17,24,
84,21984,1610612747,LAL,Los Angeles Lakers,0028400182,1984-11-28,LAL @ UTH,W,240,114,43,96,0.448,2,4,0.5,26,31,0.839,16,41,57,27,9,7,22,26,
85,21984,1610612747,LAL,Los Angeles Lakers,0028400167,1984-11-25,LAL vs. SEA,L,240,94,34,79,0.43,0,4,0.0,26,33,0.788,18,27,45,21,6,6,21,25,
86,21984,1610612747,LAL,Los Angeles Lakers,0028400158,1984-11-24,LAL @ LAC,W,240,108,46,84,0.548,0,3,0.0,16,18,0.889,12,39,51,30,4,14,27,22,
87,21984,1610612747,LAL,Los Angeles Lakers,0028400145,1984-11-21,LAL @ PHX,W,240,102,43,92,0.467,1,4,0.25,15,22,0.682,19,35,54,21,9,3,19,19,
88,21984,1610612747,LAL,Los Angeles Lakers,0028400132,1984-11-20,LAL vs. PHX,W,240,130,59,87,0.678,0,2,0.0,12,17,0.706,13,34,47,36,12,3,22,24,
89,21984,1610612747,LAL,Los Angeles Lakers,0028400128,1984-11-18,LAL vs. MIL,W,240,96,40,90,0.444,2,6,0.333,14,16,0.875,12,33,45,27,8,4,18,17,
90,21984,1610612747,LAL,Los Angeles Lakers,0028400113,1984-11-16,LAL vs. KCK,W,240,128,53,81,0.654,0,1,0.0,22,30,0.733,8,33,41,37,8,5,22,19,
91,21984,1610612747,LAL,Los Angeles Lakers,0028400090,1984-11-11,LAL vs. NJN,W,240,121,51,86,0.593,1,1,1.0,18,20,0.9,10,27,37,36,7,5,17,20,
92,21984,1610612747,LAL,Los Angeles Lakers,0028400076,1984-11-09,LAL @ POR,W,240,130,48,81,0.593,0,1,0.0,34,36,0.944,8,27,35,31,4,2,19,23,
93,21984,1610612747,LAL,Los Angeles Lakers,0028400075,1984-11-08,LAL @ GOS,L,240,106,42,82,0.512,0,5,0.0,22,34,0.647,13,27,40,25,6,4,23,24,
94,21984,1610612747,LAL,Los Angeles Lakers,0028400058,1984-11-06,LAL vs. DEN,L,240,130,51,88,0.58,4,9,0.444,24,31,0.774,10,28,38,30,11,7,23,21,
95,21984,1610612747,LAL,Los Angeles Lakers,0028400054,1984-11-04,LAL vs. POR,W,241,124,53,83,0.639,1,1,1.0,17,21,0.81,13,36,49,30,12,6,32,31,
96,21984,1610612747,LAL,Los Angeles Lakers,0028400040,1984-11-02,LAL vs. SAN,W,240,119,53,86,0.616,1,3,0.333,12,14,0.857,9,33,42,30,4,11,24,23,
97,21984,1610612747,LAL,Los Angeles Lakers,0028400034,1984-11-01,LAL @ SEA,L,240,103,37,79,0.468,1,3,0.333,28,39,0.718,11,30,41,29,5,4,20,28,
98,21984,1610612747,LAL,Los Angeles Lakers,0028400020,1984-10-30,LAL vs. GOS,W,240,144,61,90,0.678,1,1,1.0,21,30,0.7,10,32,42,41,11,14,22,20,
99,21984,1610612747,LAL,Los Angeles Lakers,0028400017,1984-10-28,LAL @ DAL,L,240,96,38,79,0.481,1,6,0.167,19,30,0.633,12,26,38,21,8,5,19,31,
100,21984,1610612747,LAL,Los Angeles Lakers,0028400007,1984-10-27,LAL @ SAN,L,240,112,41,86,0.477,1,4,0.25,29,41,0.707,11,27,38,19,10,4,14,28,
101,41985,1610612747,LAL,Los Angeles Lakers,0048500315,1986-05-21,LAL vs. HOU,L,240,112,47,92,0.511,1,5,0.2,17,22,0.773,19,32,51,33,12,5,23,27,
102,41985,1610612747,LAL,Los Angeles Lakers,0048500314,1986-05-18,LAL @ HOU,L,240,95,40,86,0.465,1,8,0.125,14,17,0.824,9,29,38,27,3,2,16,29,
103,41985,1610612747,LAL,Los Angeles Lakers,0048500313,1986-05-16,LAL @ HOU,L,240,109,47,84,0.56,1,9,0.111,14,18,0.778,10,24,34,39,7,6,19,25,
104,41985,1610612747,LAL,Los Angeles Lakers,0048500322,1986-05-13,LAL vs. HOU,L,240,102,40,90,0.444,3,6,0.5,19,25,0.76,13,25,38,30,13,3,18,21,
105,41985,1610612747,LAL,Los Angeles Lakers,0048500321,1986-05-10,LAL vs. HOU,W,240,119,46,87,0.529,2,7,0.286,25,34,0.735,10,25,35,33,11,5,16,20,
106,41985,1610612747,LAL,Los Angeles Lakers,0048500226,1986-05-08,LAL @ DAL,W,240,120,48,94,0.511,4,7,0.571,20,25,0.8,10,32,42,32,9,5,12,26,
107,41985,1610612747,LAL,Los Angeles Lakers,0048500011,1986-05-06,LAL vs. DAL,W,240,116,48,97,0.495,3,6,0.5,17,21,0.81,16,27,43,34,4,3,12,24,
108,41985,1610612747,LAL,Los Angeles Lakers,0048500224,1986-05-04,LAL @ DAL,L,240,118,50,93,0.538,1,7,0.143,17,23,0.739,15,23,38,31,10,2,11,18,
109,41985,1610612747,LAL,Los Angeles Lakers,0048500223,1986-05-02,LAL @ DAL,L,240,108,47,87,0.54,1,5,0.2,13,19,0.684,9,33,42,26,5,2,11,26,
110,41985,1610612747,LAL,Los Angeles Lakers,0048500222,1986-04-30,LAL vs. DAL,W,240,117,44,85,0.518,3,4,0.75,26,38,0.684,14,29,43,29,7,8,13,25,
111,41985,1610612747,LAL,Los Angeles Lakers,0048500221,1986-04-27,LAL vs. DAL,W,240,130,52,85,0.612,2,5,0.4,24,26,0.923,7,33,40,32,7,4,16,29,
112,41985,1610612747,LAL,Los Angeles Lakers,0048500143,1986-04-23,LAL @ SAN,W,240,114,46,83,0.554,0,2,0.0,22,36,0.611,16,37,53,32,8,4,16,23,
113,41985,1610612747,LAL,Los Angeles Lakers,0048500142,1986-04-19,LAL vs. SAN,W,240,122,52,91,0.571,2,3,0.667,16,23,0.696,16,32,48,32,7,3,17,24,
114,41985,1610612747,LAL,Los Angeles Lakers,0048500104,1986-04-17,LAL vs. SAN,W,240,135,57,86,0.663,1,4,0.25,20,22,0.909,11,36,47,38,15,8,23,22,
115,21985,1610612747,LAL,Los Angeles Lakers,0028500937,1986-04-13,LAL vs. DAL,L,240,104,44,101,0.436,2,9,0.222,14,18,0.778,12,26,38,29,2,4,9,27,
116,21985,1610612747,LAL,Los Angeles Lakers,0028500931,1986-04-12,LAL @ SAC,W,240,105,46,90,0.511,0,4,0.0,13,18,0.722,16,35,51,24,11,10,29,29,
117,21985,1610612747,LAL,Los Angeles Lakers,0028500916,1986-04-10,LAL vs. HOU,W,240,117,48,89,0.539,2,4,0.5,19,21,0.905,19,24,43,30,8,6,15,20,
118,21985,1610612747,LAL,Los Angeles Lakers,0028500909,1986-04-08,LAL @ POR,W,240,120,43,76,0.566,1,3,0.333,33,39,0.846,8,24,32,28,6,7,19,25,
119,21985,1610612747,LAL,Los Angeles Lakers,0028500899,1986-04-06,LAL @ HOU,L,240,103,44,89,0.494,1,5,0.2,14,18,0.778,11,24,35,33,12,3,14,21,
120,21985,1610612747,LAL,Los Angeles Lakers,0028500879,1986-04-03,LAL vs. SAC,W,240,135,50,85,0.588,2,2,1.0,33,43,0.767,13,42,55,34,8,11,21,23,
121,21985,1610612747,LAL,Los Angeles Lakers,0028500869,1986-04-01,LAL vs. SEA,W,240,109,42,90,0.467,0,3,0.0,25,32,0.781,24,31,55,20,5,7,18,20,
122,21985,1610612747,LAL,Los Angeles Lakers,0028500860,1986-03-30,LAL vs. GOS,W,240,124,51,92,0.554,1,2,0.5,21,24,0.875,11,30,41,35,8,3,17,20,
123,21985,1610612747,LAL,Los Angeles Lakers,0028500851,1986-03-29,LAL @ SEA,L,240,87,35,80,0.438,0,3,0.0,17,18,0.944,6,23,29,17,10,2,19,28,
124,21985,1610612747,LAL,Los Angeles Lakers,0028500830,1986-03-25,LAL @ DEN,W,240,121,50,86,0.581,1,3,0.333,20,28,0.714,12,41,53,30,7,5,24,27,
125,21985,1610612747,LAL,Los Angeles Lakers,0028500823,1986-03-24,LAL vs. SAN,W,240,124,47,97,0.485,0,6,0.0,30,43,0.698,19,35,54,33,13,6,12,24,
126,21985,1610612747,LAL,Los Angeles Lakers,0028500812,1986-03-22,LAL @ SAC,W,240,115,48,86,0.558,3,4,0.75,16,19,0.842,10,27,37,29,7,3,14,29,
127,21985,1610612747,LAL,Los Angeles Lakers,0028500807,1986-03-21,LAL @ SAN,W,240,117,44,91,0.484,1,3,0.333,28,31,0.903,17,28,45,26,8,5,17,25,
128,21985,1610612747,LAL,Los Angeles Lakers,0028500794,1986-03-19,LAL @ LAC,L,240,114,49,96,0.51,3,7,0.429,13,17,0.765,12,23,35,34,11,5,14,27,
129,21985,1610612747,LAL,Los Angeles Lakers,0028500793,1986-03-18,LAL vs. POR,W,240,128,51,89,0.573,2,7,0.286,24,32,0.75,10,27,37,34,7,4,16,23,
130,21985,1610612747,LAL,Los Angeles Lakers,0028500778,1986-03-16,LAL vs. HOU,W,240,116,43,73,0.589,0,1,0.0,30,42,0.714,10,28,38,30,8,5,22,25,
131,21985,1610612747,LAL,Los Angeles Lakers,0028500757,1986-03-13,LAL vs. SEA,W,240,105,45,83,0.542,1,1,1.0,14,17,0.824,12,31,43,31,4,7,15,24,
132,21985,1610612747,LAL,Los Angeles Lakers,0028500743,1986-03-11,LAL vs. LAC,W,240,129,56,101,0.554,1,4,0.25,16,21,0.762,14,37,51,44,12,5,19,28,
133,21985,1610612747,LAL,Los Angeles Lakers,0028500733,1986-03-09,LAL @ SEA,W,240,108,45,73,0.616,0,0,,18,25,0.72,7,28,35,24,3,3,16,23,
134,21985,1610612747,LAL,Los Angeles Lakers,0028500730,1986-03-08,LAL vs. SAC,W,290,122,47,106,0.443,2,6,0.333,26,40,0.65,15,35,50,32,11,7,13,25,
135,21985,1610612747,LAL,Los Angeles Lakers,0028500713,1986-03-06,LAL @ GOS,W,240,112,47,88,0.534,1,5,0.2,17,25,0.68,10,35,45,28,11,2,19,29,
136,21985,1610612747,LAL,Los Angeles Lakers,0028500711,1986-03-05,LAL vs. UTH,W,240,130,52,83,0.627,5,7,0.714,21,30,0.7,7,35,42,35,19,8,17,22,
137,21985,1610612747,LAL,Los Angeles Lakers,0028500694,1986-03-03,LAL vs. GOS,W,240,127,53,95,0.558,4,8,0.5,17,20,0.85,20,24,44,36,9,5,13,27,
138,21985,1610612747,LAL,Los Angeles Lakers,0028500688,1986-03-01,LAL @ PHX,L,240,106,43,102,0.422,4,7,0.571,16,19,0.842,30,21,51,17,8,3,26,23,
139,21985,1610612747,LAL,Los Angeles Lakers,0028500680,1986-02-28,LAL vs. PHX,W,240,115,44,87,0.506,5,11,0.455,22,31,0.71,12,24,36,29,17,4,18,29,
140,21985,1610612747,LAL,Los Angeles Lakers,0028500668,1986-02-26,LAL @ DAL,W,240,119,51,78,0.654,1,4,0.25,16,21,0.762,7,29,36,28,6,1,19,21,
141,21985,1610612747,LAL,Los Angeles Lakers,0028500654,1986-02-24,LAL @ ATL,L,240,93,37,88,0.42,2,7,0.286,17,27,0.63,18,23,41,15,13,0,16,21,
142,21985,1610612747,LAL,Los Angeles Lakers,0028500648,1986-02-23,LAL @ PHL,W,265,117,46,88,0.523,3,6,0.5,22,26,0.846,12,29,41,29,11,11,18,25,
143,21985,1610612747,LAL,Los Angeles Lakers,0028500636,1986-02-21,LAL @ NJN,L,240,106,43,90,0.478,4,12,0.333,16,23,0.696,10,28,38,18,4,5,16,31,
144,21985,1610612747,LAL,Los Angeles Lakers,0028500626,1986-02-19,LAL @ IND,W,240,90,36,83,0.434,0,2,0.0,18,23,0.783,12,38,50,26,6,11,20,18,
145,21985,1610612747,LAL,Los Angeles Lakers,0028500606,1986-02-16,LAL vs. BOS,L,240,99,34,78,0.436,4,9,0.444,27,32,0.844,10,30,40,27,5,4,10,19,
146,21985,1610612747,LAL,Los Angeles Lakers,0028500592,1986-02-14,LAL vs. ATL,W,240,141,51,87,0.586,3,5,0.6,36,37,0.973,14,34,48,38,10,2,21,31,
147,21985,1610612747,LAL,Los Angeles Lakers,0028500579,1986-02-12,LAL @ PHX,W,240,126,48,90,0.533,5,8,0.625,25,30,0.833,10,36,46,32,7,5,17,31,
148,21985,1610612747,LAL,Los Angeles Lakers,0028500577,1986-02-11,LAL @ GOS,L,240,113,45,88,0.511,3,8,0.375,20,31,0.645,15,28,43,19,6,2,24,35,
149,21985,1610612747,LAL,Los Angeles Lakers,0028500560,1986-02-06,LAL @ HOU,W,238,117,49,91,0.538,1,4,0.25,18,26,0.692,17,38,55,33,8,4,14,20,
150,21985,1610612747,LAL,Los Angeles Lakers,0028500551,1986-02-04,LAL vs. DAL,W,240,110,47,92,0.511,1,5,0.2,15,19,0.789,20,33,53,32,4,4,15,25,
151,21985,1610612747,LAL,Los Angeles Lakers,0028500544,1986-02-02,LAL vs. NYK,L,240,96,37,82,0.451,2,12,0.167,20,24,0.833,7,34,41,24,8,8,14,29,
152,21985,1610612747,LAL,Los Angeles Lakers,0028500531,1986-01-31,LAL vs. PHL,W,240,134,56,89,0.629,1,3,0.333,21,24,0.875,10,21,31,33,15,4,12,24,
153,21985,1610612747,LAL,Los Angeles Lakers,0028500527,1986-01-30,LAL @ POR,W,240,118,48,90,0.533,0,2,0.0,22,27,0.815,13,38,51,31,10,8,24,23,
154,21985,1610612747,LAL,Los Angeles Lakers,0028500513,1986-01-28,LAL vs. MIL,W,240,125,51,80,0.638,4,8,0.5,19,27,0.704,9,23,32,33,12,3,22,27,
155,21985,1610612747,LAL,Los Angeles Lakers,0028500497,1986-01-25,LAL vs. DEN,L,240,115,43,88,0.489,3,6,0.5,26,33,0.788,12,30,42,29,5,6,24,25,
156,21985,1610612747,LAL,Los Angeles Lakers,0028500489,1986-01-24,LAL @ LAC,L,240,109,44,88,0.5,1,6,0.167,20,22,0.909,16,26,42,32,9,8,17,30,
157,21985,1610612747,LAL,Los Angeles Lakers,0028500480,1986-01-22,LAL @ BOS,L,240,95,39,101,0.386,1,7,0.143,16,22,0.727,20,30,50,17,13,2,20,23,
158,21985,1610612747,LAL,Los Angeles Lakers,0028500467,1986-01-20,LAL @ CHI,W,240,133,49,96,0.51,4,5,0.8,31,38,0.816,16,26,42,28,10,6,11,25,
159,21985,1610612747,LAL,Los Angeles Lakers,0028500463,1986-01-19,LAL @ DET,L,240,115,47,86,0.547,2,3,0.667,19,24,0.792,7,29,36,34,7,4,12,16,
160,21985,1610612747,LAL,Los Angeles Lakers,0028500442,1986-01-16,LAL vs. LAC,W,240,112,48,96,0.5,1,6,0.167,15,22,0.682,21,33,54,33,8,10,20,16,
161,21985,1610612747,LAL,Los Angeles Lakers,0028500431,1986-01-14,LAL vs. PHX,W,240,143,57,94,0.606,1,3,0.333,28,33,0.848,9,30,39,37,15,12,15,21,
162,21985,1610612747,LAL,Los Angeles Lakers,0028500414,1986-01-11,LAL @ SEA,L,240,99,39,83,0.47,2,9,0.222,19,23,0.826,10,29,39,23,4,2,15,23,
163,21985,1610612747,LAL,Los Angeles Lakers,0028500410,1986-01-10,LAL vs. IND,W,240,124,43,93,0.462,3,7,0.429,35,42,0.833,16,38,54,32,13,7,18,25,
164,21985,1610612747,LAL,Los Angeles Lakers,0028500396,1986-01-08,LAL vs. POR,W,240,125,46,98,0.469,1,4,0.25,32,40,0.8,19,29,48,34,11,4,20,23,
165,21985,1610612747,LAL,Los Angeles Lakers,0028500384,1986-01-05,LAL vs. WAS,W,240,118,52,100,0.52,2,3,0.667,12,13,0.923,13,37,50,36,17,12,14,16,
166,21985,1610612747,LAL,Los Angeles Lakers,0028500373,1986-01-03,LAL vs. UTH,W,240,110,41,78,0.526,0,3,0.0,28,38,0.737,14,25,39,23,10,5,17,32,
167,21985,1610612747,LAL,Los Angeles Lakers,0028500353,1985-12-29,LAL vs. GOS,L,240,122,47,85,0.553,1,8,0.125,27,34,0.794,10,30,40,31,7,1,21,20,
168,21985,1610612747,LAL,Los Angeles Lakers,0028500187,1985-12-28,LAL @ SAC,W,240,133,57,89,0.64,1,5,0.2,18,21,0.857,8,33,41,35,10,4,22,32,
169,21985,1610612747,LAL,Los Angeles Lakers,0028500332,1985-12-26,LAL @ SAN,L,240,91,37,86,0.43,1,6,0.167,16,22,0.727,10,29,39,24,8,4,21,23,
170,21985,1610612747,LAL,Los Angeles Lakers,0028500324,1985-12-21,LAL @ WAS,W,240,96,43,94,0.457,0,1,0.0,10,15,0.667,17,34,51,26,7,5,10,17,
171,21985,1610612747,LAL,Los Angeles Lakers,0028500312,1985-12-20,LAL @ CLE,W,240,128,53,96,0.552,0,4,0.0,22,29,0.759,15,37,52,27,8,2,14,21,
172,21985,1610612747,LAL,Los Angeles Lakers,0028500302,1985-12-18,LAL @ MIL,W,240,107,43,80,0.538,1,1,1.0,20,24,0.833,12,36,48,25,4,5,22,24,
173,21985,1610612747,LAL,Los Angeles Lakers,0028500297,1985-12-17,LAL @ NYK,W,240,105,40,79,0.506,0,1,0.0,25,30,0.833,14,31,45,24,9,5,21,25,
174,21985,1610612747,LAL,Los Angeles Lakers,0028500287,1985-12-15,LAL vs. DET,W,240,132,51,92,0.554,0,3,0.0,30,42,0.714,16,30,46,29,10,5,26,28,
175,21985,1610612747,LAL,Los Angeles Lakers,0028500275,1985-12-13,LAL @ DEN,L,240,120,48,93,0.516,1,5,0.2,23,31,0.742,11,32,43,20,6,8,11,24,
176,21985,1610612747,LAL,Los Angeles Lakers,0028500269,1985-12-12,LAL vs. PHX,W,240,127,50,84,0.595,1,4,0.25,26,30,0.867,8,34,42,37,6,5,16,21,
177,21985,1610612747,LAL,Los Angeles Lakers,0028500249,1985-12-08,LAL vs. DAL,W,240,125,58,102,0.569,0,4,0.0,9,14,0.643,14,33,47,34,5,2,8,23,
178,21985,1610612747,LAL,Los Angeles Lakers,0028500238,1985-12-06,LAL vs. HOU,W,240,120,48,93,0.516,2,2,1.0,22,27,0.815,18,31,49,28,7,6,15,22,
179,21985,1610612747,LAL,Los Angeles Lakers,0028500224,1985-12-04,LAL @ UTH,W,265,131,46,103,0.447,3,6,0.5,36,45,0.8,17,36,53,25,12,3,16,34,
180,21985,1610612747,LAL,Los Angeles Lakers,0028500210,1985-12-01,LAL vs. CHI,W,240,117,45,91,0.495,1,4,0.25,26,32,0.813,15,32,47,35,6,2,13,20,
181,21985,1610612747,LAL,Los Angeles Lakers,0028500189,1985-11-29,LAL vs. SEA,W,240,108,43,82,0.524,2,2,1.0,20,26,0.769,13,30,43,33,10,1,19,20,
182,21985,1610612747,LAL,Los Angeles Lakers,0028500163,1985-11-24,LAL vs. SAN,W,240,118,46,92,0.5,1,5,0.2,25,29,0.862,18,30,48,27,6,7,14,20,
183,21985,1610612747,LAL,Los Angeles Lakers,0028500162,1985-11-23,LAL @ POR,W,240,130,49,85,0.576,1,2,0.5,31,47,0.66,12,34,46,30,6,3,14,30,
184,21985,1610612747,LAL,Los Angeles Lakers,0028500147,1985-11-21,LAL @ DEN,L,240,120,53,97,0.546,1,4,0.25,13,16,0.813,16,35,51,33,2,7,28,27,
185,21985,1610612747,LAL,Los Angeles Lakers,0028500143,1985-11-20,LAL vs. LAC,W,240,122,53,99,0.535,1,5,0.2,15,25,0.6,18,30,48,39,10,6,18,23,
186,21985,1610612747,LAL,Los Angeles Lakers,0028500128,1985-11-17,LAL vs. NJN,W,240,138,54,90,0.6,4,7,0.571,26,32,0.813,16,25,41,38,11,6,22,31,
187,21985,1610612747,LAL,Los Angeles Lakers,0028500118,1985-11-15,LAL @ LAC,W,240,127,51,92,0.554,1,6,0.167,24,34,0.706,13,40,53,40,8,4,20,24,
188,21985,1610612747,LAL,Los Angeles Lakers,0028500111,1985-11-14,LAL vs. POR,W,240,114,39,87,0.448,2,3,0.667,34,41,0.829,13,35,48,27,10,7,16,23,
189,21985,1610612747,LAL,Los Angeles Lakers,0028500099,1985-11-12,LAL vs. UTH,W,240,119,40,80,0.5,3,6,0.5,36,43,0.837,14,21,35,22,5,5,17,27,
190,21985,1610612747,LAL,Los Angeles Lakers,0028500077,1985-11-08,LAL vs. DEN,W,240,128,53,96,0.552,2,6,0.333,20,26,0.769,9,48,57,44,10,8,23,21,
191,21985,1610612747,LAL,Los Angeles Lakers,0028500074,1985-11-07,LAL @ UTH,W,240,116,39,74,0.527,2,9,0.222,36,49,0.735,10,32,42,24,5,6,21,31,
192,21985,1610612747,LAL,Los Angeles Lakers,0028500061,1985-11-05,LAL vs. CLE,L,240,111,43,102,0.422,4,8,0.5,21,28,0.75,16,27,43,26,3,5,15,25,
193,21985,1610612747,LAL,Los Angeles Lakers,0028500046,1985-11-02,LAL @ GOS,W,240,120,49,84,0.583,2,6,0.333,20,27,0.741,9,27,36,25,4,3,15,24,
194,21985,1610612747,LAL,Los Angeles Lakers,0028500040,1985-10-31,LAL @ PHX,W,240,144,55,93,0.591,0,1,0.0,34,46,0.739,14,36,50,42,12,6,25,30,
195,21985,1610612747,LAL,Los Angeles Lakers,0028500024,1985-10-29,LAL @ DAL,W,240,133,58,101,0.574,2,6,0.333,15,18,0.833,16,44,60,35,6,3,19,32,
196,21985,1610612747,LAL,Los Angeles Lakers,0028500019,1985-10-26,LAL @ SAN,W,290,121,49,99,0.495,1,6,0.167,22,27,0.815,15,38,53,30,8,5,22,28,
197,41986,1610612747,LAL,Los Angeles Lakers,0048600071,1987-06-14,LAL vs. BOS,W,240,106,45,93,0.484,0,5,0.0,16,23,0.696,13,31,44,33,11,9,11,28,
198,41986,1610612747,LAL,Los Angeles Lakers,0048600070,1987-06-11,LAL @ BOS,L,240,108,43,95,0.453,4,8,0.5,18,22,0.818,17,23,40,16,7,4,12,26,
199,41986,1610612747,LAL,Los Angeles Lakers,0048600069,1987-06-09,LAL @ BOS,W,240,107,41,85,0.482,2,4,0.5,23,32,0.719,15,31,46,17,4,4,11,16,
200,41986,1610612747,LAL,Los Angeles Lakers,0048600068,1987-06-07,LAL @ BOS,L,240,103,40,81,0.494,3,11,0.273,20,27,0.741,8,21,29,18,8,2,10,24,
201,41986,1610612747,LAL,Los Angeles Lakers,0048600067,1987-06-04,LAL vs. BOS,W,240,141,56,91,0.615,6,8,0.75,23,32,0.719,7,26,33,44,8,8,10,25,
202,41986,1610612747,LAL,Los Angeles Lakers,0048600066,1987-06-02,LAL vs. BOS,W,240,126,55,99,0.556,1,5,0.2,15,19,0.789,17,30,47,32,10,6,13,24,
203,41986,1610612747,LAL,Los Angeles Lakers,0048600062,1987-05-25,LAL @ SEA,W,240,133,44,86,0.512,1,4,0.25,44,53,0.83,14,37,51,28,14,3,16,24,
204,41986,1610612747,LAL,Los Angeles Lakers,0048600060,1987-05-23,LAL @ SEA,W,240,122,42,74,0.568,1,9,0.111,37,43,0.86,5,33,38,27,7,3,15,28,
205,41986,1610612747,LAL,Los Angeles Lakers,0048600057,1987-05-19,LAL vs. SEA,W,240,112,39,75,0.52,1,3,0.333,33,39,0.846,16,26,42,24,7,6,20,25,
206,41986,1610612747,LAL,Los Angeles Lakers,0048600054,1987-05-16,LAL vs. SEA,W,205,82,29,63,0.46,0,3,0.0,24,32,0.75,4,27,31,21,7,4,11,19,
207,41986,1610612747,LAL,Los Angeles Lakers,0048600049,1987-05-12,LAL vs. GOS,W,240,118,45,81,0.556,1,3,0.333,27,39,0.692,12,38,50,25,9,9,19,13,
208,41986,1610612747,LAL,Los Angeles Lakers,0048600046,1987-05-10,LAL @ GOS,L,240,121,40,86,0.465,4,11,0.364,37,44,0.841,19,32,51,23,2,3,19,26,
209,41986,1610612747,LAL,Los Angeles Lakers,0048600044,1987-05-09,LAL @ GOS,W,240,133,50,88,0.568,4,9,0.444,29,39,0.744,18,33,51,31,6,7,14,23,
210,41986,1610612747,LAL,Los Angeles Lakers,0048600040,1987-05-07,LAL vs. GOS,W,240,116,43,73,0.589,0,3,0.0,30,39,0.769,12,30,42,33,9,6,25,16,
211,41986,1610612747,LAL,Los Angeles Lakers,0048600035,1987-05-05,LAL vs. GOS,W,240,125,49,90,0.544,4,9,0.444,23,30,0.767,17,31,48,35,7,5,19,21,
212,41986,1610612747,LAL,Los Angeles Lakers,0048600021,1987-04-29,LAL @ DEN,W,240,140,48,91,0.527,4,7,0.571,40,49,0.816,10,45,55,40,4,14,10,22,
213,41986,1610612747,LAL,Los Angeles Lakers,0048600011,1987-04-25,LAL vs. DEN,W,240,139,44,90,0.489,2,7,0.286,49,55,0.891,15,31,46,32,9,9,12,23,
214,41986,1610612747,LAL,Los Angeles Lakers,0048600004,1987-04-23,LAL vs. DEN,W,240,128,51,99,0.515,5,8,0.625,21,31,0.677,15,43,58,35,9,11,10,20,
215,21986,1610612747,LAL,Los Angeles Lakers,0028600940,1987-04-19,LAL vs. SEA,L,240,104,38,93,0.409,3,9,0.333,25,34,0.735,26,31,57,24,8,7,20,18,
216,21986,1610612747,LAL,Los Angeles Lakers,0028600926,1987-04-17,LAL @ SAN,L,240,103,37,82,0.451,0,6,0.0,29,38,0.763,12,23,35,27,7,7,12,19,
217,21986,1610612747,LAL,Los Angeles Lakers,0028600922,1987-04-16,LAL @ UTH,W,240,110,40,77,0.519,3,7,0.429,27,35,0.771,11,31,42,24,11,7,23,22,
218,21986,1610612747,LAL,Los Angeles Lakers,0028600902,1987-04-12,LAL vs. PHX,W,240,119,48,93,0.516,1,6,0.167,22,33,0.667,10,34,44,37,8,8,14,20,
219,21986,1610612747,LAL,Los Angeles Lakers,0028600890,1987-04-10,LAL vs. SAN,W,240,131,53,95,0.558,1,10,0.1,24,34,0.706,14,27,41,38,9,6,13,24,
220,21986,1610612747,LAL,Los Angeles Lakers,0028600882,1987-04-09,LAL @ LAC,W,240,118,41,90,0.456,4,7,0.571,32,37,0.865,15,26,41,26,12,7,17,22,
221,21986,1610612747,LAL,Los Angeles Lakers,0028600863,1987-04-06,LAL vs. LAC,W,240,135,54,91,0.593,3,4,0.75,24,30,0.8,16,34,50,37,5,4,19,13,
222,21986,1610612747,LAL,Los Angeles Lakers,0028600858,1987-04-05,LAL @ DEN,W,240,126,47,99,0.475,6,10,0.6,26,36,0.722,18,33,51,24,6,6,13,21,
223,21986,1610612747,LAL,Los Angeles Lakers,0028600844,1987-04-03,LAL @ POR,W,240,127,48,87,0.552,1,3,0.333,30,34,0.882,9,25,34,31,6,5,14,28,
224,21986,1610612747,LAL,Los Angeles Lakers,0028600840,1987-04-02,LAL @ SEA,W,240,117,49,100,0.49,1,4,0.25,18,23,0.783,20,26,46,23,12,5,16,16,
225,21986,1610612747,LAL,Los Angeles Lakers,0028600824,1987-03-31,LAL vs. HOU,W,240,111,43,84,0.512,2,5,0.4,23,30,0.767,13,33,46,27,12,9,20,20,
226,21986,1610612747,LAL,Los Angeles Lakers,0028600813,1987-03-28,LAL @ HOU,W,240,123,50,86,0.581,0,2,0.0,23,30,0.767,10,36,46,29,8,8,18,20,
227,21986,1610612747,LAL,Los Angeles Lakers,0028600799,1987-03-26,LAL vs. DET,W,240,128,47,94,0.5,2,6,0.333,32,35,0.914,18,33,51,38,8,10,19,21,
228,21986,1610612747,LAL,Los Angeles Lakers,0028600784,1987-03-24,LAL @ PHX,L,240,93,30,83,0.361,2,9,0.222,31,39,0.795,17,26,43,17,6,3,12,29,
229,21986,1610612747,LAL,Los Angeles Lakers,0028600775,1987-03-22,LAL vs. SAC,W,240,129,49,96,0.51,1,4,0.25,30,37,0.811,19,32,51,35,12,5,19,26,
230,21986,1610612747,LAL,Los Angeles Lakers,0028600760,1987-03-20,LAL vs. SAN,W,240,147,60,101,0.594,3,5,0.6,24,31,0.774,22,35,57,42,11,7,17,23,
231,21986,1610612747,LAL,Los Angeles Lakers,0028600753,1987-03-18,LAL vs. UTH,W,240,111,38,80,0.475,2,6,0.333,33,43,0.767,15,36,51,26,9,5,15,15,
232,21986,1610612747,LAL,Los Angeles Lakers,0028600736,1987-03-15,LAL vs. LAC,W,240,115,47,84,0.56,1,3,0.333,20,31,0.645,12,36,48,30,7,11,17,24,
233,21986,1610612747,LAL,Los Angeles Lakers,0028600715,1987-03-12,LAL vs. POR,W,240,125,51,99,0.515,1,7,0.143,22,27,0.815,15,28,43,36,15,5,15,19,
234,21986,1610612747,LAL,Los Angeles Lakers,0028600707,1987-03-10,LAL vs. DEN,W,240,143,53,89,0.596,2,3,0.667,35,41,0.854,14,34,48,40,11,9,21,26,
235,21986,1610612747,LAL,Los Angeles Lakers,0028600700,1987-03-09,LAL @ LAC,W,240,136,55,87,0.632,4,5,0.8,22,28,0.786,8,39,47,37,11,7,25,26,
236,21986,1610612747,LAL,Los Angeles Lakers,0028600687,1987-03-07,LAL vs. CLE,W,240,122,51,94,0.543,0,3,0.0,20,25,0.8,19,23,42,32,11,8,16,25,
237,21986,1610612747,LAL,Los Angeles Lakers,0028600671,1987-03-04,LAL vs. SEA,W,240,138,56,90,0.622,2,3,0.667,24,30,0.8,14,28,42,40,4,8,12,23,
238,21986,1610612747,LAL,Los Angeles Lakers,0028600666,1987-03-03,LAL @ GOS,W,240,114,41,77,0.532,1,5,0.2,31,36,0.861,10,33,43,26,10,3,16,21,
239,21986,1610612747,LAL,Los Angeles Lakers,0028600645,1987-02-28,LAL @ UTH,L,240,100,33,82,0.402,6,10,0.6,28,32,0.875,14,34,48,21,7,4,17,19,
240,21986,1610612747,LAL,Los Angeles Lakers,0028600644,1987-02-27,LAL vs. GOS,W,240,121,52,86,0.605,3,3,1.0,14,22,0.636,12,32,44,39,7,6,19,17,
241,21986,1610612747,LAL,Los Angeles Lakers,0028600634,1987-02-25,LAL vs. PHX,W,240,99,41,86,0.477,1,5,0.2,16,17,0.941,15,27,42,28,10,2,17,19,
242,21986,1610612747,LAL,Los Angeles Lakers,0028600623,1987-02-24,LAL @ PHX,W,240,97,33,76,0.434,3,4,0.75,28,34,0.824,15,32,47,19,8,7,13,22,
243,21986,1610612747,LAL,Los Angeles Lakers,0028600612,1987-02-22,LAL @ PHL,W,265,112,51,100,0.51,2,6,0.333,8,11,0.727,25,22,47,34,8,6,14,19,
244,21986,1610612747,LAL,Los Angeles Lakers,0028600600,1987-02-20,LAL @ CHI,W,240,110,44,75,0.587,0,6,0.0,22,28,0.786,7,29,36,30,4,6,16,22,
245,21986,1610612747,LAL,Los Angeles Lakers,0028600592,1987-02-18,LAL @ DEN,W,240,128,51,92,0.554,0,2,0.0,26,32,0.813,11,34,45,28,9,4,19,27,
246,21986,1610612747,LAL,Los Angeles Lakers,0028600586,1987-02-17,LAL vs. WAS,L,240,99,40,95,0.421,1,8,0.125,18,22,0.818,17,29,46,27,5,4,12,24,
247,21986,1610612747,LAL,Los Angeles Lakers,0028600573,1987-02-15,LAL vs. BOS,W,240,106,40,82,0.488,2,5,0.4,24,26,0.923,14,26,40,30,6,4,14,24,
248,21986,1610612747,LAL,Los Angeles Lakers,0028600564,1987-02-13,LAL vs. IND,W,240,113,40,84,0.476,1,4,0.25,32,40,0.8,12,28,40,27,9,11,11,20,
249,21986,1610612747,LAL,Los Angeles Lakers,0028600548,1987-02-10,LAL @ SAC,W,240,114,43,79,0.544,1,5,0.2,27,34,0.794,12,41,53,22,4,6,17,23,
250,21986,1610612747,LAL,Los Angeles Lakers,0028600535,1987-02-05,LAL @ POR,L,240,104,37,78,0.474,1,4,0.25,29,38,0.763,10,35,45,25,7,7,20,20,
251,21986,1610612747,LAL,Los Angeles Lakers,0028600529,1987-02-04,LAL vs. SAC,W,240,128,52,93,0.559,1,5,0.2,23,26,0.885,19,29,48,34,8,4,16,24,
252,21986,1610612747,LAL,Los Angeles Lakers,0028600516,1987-02-02,LAL vs. DAL,L,240,99,39,88,0.443,5,10,0.5,16,26,0.615,13,20,33,32,8,4,9,19,
253,21986,1610612747,LAL,Los Angeles Lakers,0028600501,1987-01-30,LAL @ PHX,W,240,114,44,81,0.543,1,5,0.2,25,32,0.781,10,24,34,32,11,7,16,25,
254,21986,1610612747,LAL,Los Angeles Lakers,0028600486,1987-01-28,LAL @ SEA,L,240,101,39,91,0.429,0,3,0.0,23,29,0.793,18,20,38,18,5,4,20,31,
255,21986,1610612747,LAL,Los Angeles Lakers,0028600480,1987-01-27,LAL vs. POR,W,240,107,44,81,0.543,2,5,0.4,17,26,0.654,14,26,40,30,6,5,19,17,
256,21986,1610612747,LAL,Los Angeles Lakers,0028600461,1987-01-24,LAL @ DAL,L,240,117,44,78,0.564,5,8,0.625,24,30,0.8,10,26,36,23,2,2,12,28,
257,21986,1610612747,LAL,Los Angeles Lakers,0028600452,1987-01-22,LAL @ IND,W,240,118,43,83,0.518,2,3,0.667,30,35,0.857,9,33,42,24,8,6,12,26,
258,21986,1610612747,LAL,Los Angeles Lakers,0028600444,1987-01-21,LAL @ ATL,W,240,112,37,79,0.468,2,5,0.4,36,47,0.766,15,32,47,29,6,5,16,24,
259,21986,1610612747,LAL,Los Angeles Lakers,0028600436,1987-01-19,LAL @ NJN,W,240,126,47,86,0.547,0,7,0.0,32,34,0.941,10,20,30,23,10,5,13,23,
260,21986,1610612747,LAL,Los Angeles Lakers,0028600429,1987-01-18,LAL @ WAS,W,240,115,45,90,0.5,1,5,0.2,24,29,0.828,20,32,52,23,8,5,18,25,
261,21986,1610612747,LAL,Los Angeles Lakers,0028600413,1987-01-15,LAL vs. GOS,W,240,129,50,94,0.532,3,6,0.5,26,34,0.765,16,36,52,32,8,13,17,29,
262,21986,1610612747,LAL,Los Angeles Lakers,0028600391,1987-01-11,LAL vs. SAN,W,240,111,41,72,0.569,1,4,0.25,28,32,0.875,7,22,29,27,6,6,20,25,
263,21986,1610612747,LAL,Los Angeles Lakers,0028600388,1987-01-10,LAL @ GOS,L,240,109,38,81,0.469,3,5,0.6,30,38,0.789,14,26,40,19,6,5,19,26,
264,21986,1610612747,LAL,Los Angeles Lakers,0028600373,1987-01-08,LAL @ UTH,L,240,101,41,106,0.387,1,10,0.1,18,21,0.857,20,36,56,18,6,6,10,21,
265,21986,1610612747,LAL,Los Angeles Lakers,0028600365,1987-01-07,LAL vs. DEN,W,240,147,59,99,0.596,1,2,0.5,28,34,0.824,13,41,54,39,11,5,15,16,
266,21986,1610612747,LAL,Los Angeles Lakers,0028600352,1987-01-04,LAL vs. UTH,W,240,121,53,106,0.5,2,9,0.222,13,18,0.722,16,31,47,39,5,5,13,23,
267,21986,1610612747,LAL,Los Angeles Lakers,0028600338,1987-01-02,LAL vs. PHX,W,240,155,63,96,0.656,2,3,0.667,27,32,0.844,10,29,39,42,11,10,15,24,
268,21986,1610612747,LAL,Los Angeles Lakers,0028600333,1987-01-01,LAL @ POR,W,240,140,53,87,0.609,6,6,1.0,28,34,0.824,6,45,51,35,11,5,23,24,
269,21986,1610612747,LAL,Los Angeles Lakers,0028600317,1986-12-28,LAL vs. PHL,W,240,111,47,90,0.522,0,4,0.0,17,22,0.773,12,30,42,33,12,6,16,29,
270,21986,1610612747,LAL,Los Angeles Lakers,0028600304,1986-12-26,LAL vs. HOU,W,240,134,54,89,0.607,2,2,1.0,24,30,0.8,6,24,30,37,13,7,15,18,
271,21986,1610612747,LAL,Los Angeles Lakers,0028600292,1986-12-23,LAL @ SAC,W,265,127,48,98,0.49,1,3,0.333,30,39,0.769,21,39,60,19,4,5,14,27,
272,21986,1610612747,LAL,Los Angeles Lakers,0028600284,1986-12-21,LAL @ HOU,W,240,103,38,84,0.452,1,3,0.333,26,31,0.839,13,35,48,21,7,2,18,23,
273,21986,1610612747,LAL,Los Angeles Lakers,0028600280,1986-12-20,LAL @ DAL,L,240,119,42,87,0.483,1,10,0.1,34,41,0.829,14,35,49,21,6,9,18,28,
274,21986,1610612747,LAL,Los Angeles Lakers,0028600262,1986-12-18,LAL vs. POR,W,240,131,54,95,0.568,1,7,0.143,22,29,0.759,11,32,43,41,12,8,16,24,
275,21986,1610612747,LAL,Los Angeles Lakers,0028600248,1986-12-16,LAL @ CLE,W,240,121,50,91,0.549,1,5,0.2,20,28,0.714,13,32,45,26,11,5,14,22,
276,21986,1610612747,LAL,Los Angeles Lakers,0028600239,1986-12-13,LAL @ DET,L,240,114,46,104,0.442,1,9,0.111,21,23,0.913,15,31,46,23,7,3,9,18,
277,21986,1610612747,LAL,Los Angeles Lakers,0028600229,1986-12-12,LAL @ BOS,W,240,117,51,99,0.515,2,7,0.286,13,18,0.722,10,28,38,22,5,2,6,11,
278,21986,1610612747,LAL,Los Angeles Lakers,0028600218,1986-12-10,LAL @ MIL,L,240,93,38,80,0.475,4,8,0.5,13,22,0.591,12,21,33,25,11,5,23,26,
279,21986,1610612747,LAL,Los Angeles Lakers,0028600209,1986-12-09,LAL @ NYK,W,240,113,45,85,0.529,1,3,0.333,22,29,0.759,15,34,49,28,14,3,17,23,
280,21986,1610612747,LAL,Los Angeles Lakers,0028600206,1986-12-07,LAL vs. GOS,W,240,132,51,97,0.526,7,10,0.7,23,29,0.793,16,29,45,37,18,7,15,19,
281,21986,1610612747,LAL,Los Angeles Lakers,0028600196,1986-12-05,LAL vs. DAL,W,240,112,42,86,0.488,4,9,0.444,24,32,0.75,15,32,47,31,6,9,20,22,
282,21986,1610612747,LAL,Los Angeles Lakers,0028600190,1986-12-04,LAL @ GOS,L,240,106,39,82,0.476,3,8,0.375,25,37,0.676,15,31,46,20,9,5,21,19,
283,21986,1610612747,LAL,Los Angeles Lakers,0028600170,1986-11-30,LAL vs. LAC,W,240,137,55,89,0.618,1,1,1.0,26,33,0.788,15,37,52,44,13,8,27,24,
284,21986,1610612747,LAL,Los Angeles Lakers,0028600156,1986-11-28,LAL vs. CHI,W,240,110,40,86,0.465,2,4,0.5,28,33,0.848,10,29,39,21,8,6,14,21,
285,21986,1610612747,LAL,Los Angeles Lakers,0028600147,1986-11-26,LAL @ LAC,W,240,126,51,84,0.607,1,2,0.5,23,33,0.697,11,35,46,36,16,5,20,31,
286,21986,1610612747,LAL,Los Angeles Lakers,0028600139,1986-11-25,LAL vs. ATL,L,240,107,41,91,0.451,1,9,0.111,24,29,0.828,13,22,35,33,10,3,13,32,
287,21986,1610612747,LAL,Los Angeles Lakers,0028600133,1986-11-23,LAL vs. MIL,W,240,127,47,79,0.595,3,6,0.5,30,36,0.833,10,26,36,36,10,1,14,25,
288,21986,1610612747,LAL,Los Angeles Lakers,0028600123,1986-11-21,LAL vs. NJN,W,240,111,49,98,0.5,2,6,0.333,11,16,0.688,12,40,52,39,10,10,13,24,
289,21986,1610612747,LAL,Los Angeles Lakers,0028600106,1986-11-19,LAL @ SAN,W,240,117,47,90,0.522,5,6,0.833,18,27,0.667,14,35,49,31,9,3,22,24,
290,21986,1610612747,LAL,Los Angeles Lakers,0028600100,1986-11-18,LAL @ DAL,W,240,114,42,82,0.512,3,3,1.0,27,33,0.818,13,28,41,22,7,2,19,17,
291,21986,1610612747,LAL,Los Angeles Lakers,0028600094,1986-11-16,LAL vs. SAC,W,240,113,43,87,0.494,3,8,0.375,24,33,0.727,12,28,40,35,12,10,16,27,
292,21986,1610612747,LAL,Los Angeles Lakers,0028600071,1986-11-12,LAL vs. SEA,W,240,122,43,91,0.473,2,5,0.4,34,44,0.773,16,34,50,26,12,7,14,24,
293,21986,1610612747,LAL,Los Angeles Lakers,0028600058,1986-11-09,LAL vs. NYK,W,240,111,46,92,0.5,1,2,0.5,18,21,0.857,9,33,42,36,18,5,15,19,
294,21986,1610612747,LAL,Los Angeles Lakers,0028600043,1986-11-07,LAL vs. DEN,W,240,138,53,95,0.558,2,4,0.5,30,40,0.75,14,36,50,40,9,10,14,23,
295,21986,1610612747,LAL,Los Angeles Lakers,0028600027,1986-11-04,LAL @ SEA,W,240,110,37,75,0.493,2,3,0.667,34,42,0.81,13,32,45,22,15,3,25,22,
296,21986,1610612747,LAL,Los Angeles Lakers,0028600018,1986-11-01,LAL @ HOU,L,240,102,38,80,0.475,2,4,0.5,24,29,0.828,16,28,44,29,5,1,20,24,
297,41987,1610612747,LAL,Los Angeles Lakers,0048700080,1988-06-21,LAL vs. DET,W,240,108,43,77,0.558,3,10,0.3,19,27,0.704,10,31,41,30,6,1,18,22,
298,41987,1610612747,LAL,Los Angeles Lakers,0048700079,1988-06-19,LAL vs. DET,W,240,103,34,72,0.472,0,2,0.0,35,43,0.814,13,28,41,30,6,3,14,19,
299,41987,1610612747,LAL,Los Angeles Lakers,0048700078,1988-06-16,LAL @ DET,L,240,94,37,78,0.474,1,4,0.25,19,33,0.576,15,16,31,26,7,3,14,27,
300,41987,1610612747,LAL,Los Angeles Lakers,0048700077,1988-06-14,LAL @ DET,L,240,86,29,72,0.403,0,7,0.0,28,37,0.757,8,26,34,11,3,3,16,30,
301,41987,1610612747,LAL,Los Angeles Lakers,0048700076,1988-06-12,LAL @ DET,W,240,99,37,72,0.514,1,3,0.333,24,34,0.706,5,33,38,21,8,6,11,13,
302,41987,1610612747,LAL,Los Angeles Lakers,0048700075,1988-06-09,LAL vs. DET,W,240,108,35,77,0.455,3,6,0.5,35,46,0.761,8,35,43,27,6,5,9,25,
303,41987,1610612747,LAL,Los Angeles Lakers,0048700074,1988-06-07,LAL vs. DET,L,240,93,33,83,0.398,2,8,0.25,25,27,0.926,13,22,35,21,5,0,10,18,
304,41987,1610612747,LAL,Los Angeles Lakers,0048700073,1988-06-04,LAL vs. DAL,W,240,117,46,83,0.554,4,7,0.571,21,22,0.955,13,25,38,31,7,5,12,20,
305,41987,1610612747,LAL,Los Angeles Lakers,0048700071,1988-06-02,LAL @ DAL,L,240,103,39,83,0.47,2,9,0.222,23,28,0.821,20,25,45,27,9,4,14,21,
306,41987,1610612747,LAL,Los Angeles Lakers,0048700069,1988-05-31,LAL vs. DAL,W,240,119,51,85,0.6,3,6,0.5,14,20,0.7,13,34,47,31,4,8,11,18,
307,41987,1610612747,LAL,Los Angeles Lakers,0048700067,1988-05-29,LAL @ DAL,L,240,104,41,88,0.466,2,8,0.25,20,23,0.87,19,23,42,27,4,4,10,20,
308,41987,1610612747,LAL,Los Angeles Lakers,0048700065,1988-05-27,LAL @ DAL,L,240,94,38,78,0.487,2,4,0.5,16,23,0.696,10,23,33,23,10,4,11,21,
309,41987,1610612747,LAL,Los Angeles Lakers,0048700062,1988-05-25,LAL vs. DAL,W,240,123,48,78,0.615,4,6,0.667,23,27,0.852,7,21,28,38,14,4,15,19,
310,41987,1610612747,LAL,Los Angeles Lakers,0048700061,1988-05-23,LAL vs. DAL,W,240,113,45,82,0.549,4,7,0.571,19,22,0.864,10,21,31,31,8,4,9,15,
311,41987,1610612747,LAL,Los Angeles Lakers,0048700059,1988-05-21,LAL vs. UTH,W,240,109,40,77,0.519,3,9,0.333,26,31,0.839,10,33,43,23,11,4,11,24,
312,41987,1610612747,LAL,Los Angeles Lakers,0048700056,1988-05-19,LAL @ UTH,L,240,80,30,80,0.375,4,6,0.667,16,24,0.667,19,24,43,16,4,7,18,26,
313,41987,1610612747,LAL,Los Angeles Lakers,0048700053,1988-05-17,LAL vs. UTH,W,240,111,47,88,0.534,4,6,0.667,13,19,0.684,14,22,36,28,9,5,14,23,
314,41987,1610612747,LAL,Los Angeles Lakers,0048700047,1988-05-15,LAL @ UTH,W,240,113,44,84,0.524,2,8,0.25,23,28,0.821,16,29,45,19,6,4,15,26,
315,41987,1610612747,LAL,Los Angeles Lakers,0048700043,1988-05-13,LAL @ UTH,L,240,89,39,92,0.424,2,5,0.4,9,15,0.6,19,27,46,18,4,5,9,23,
316,41987,1610612747,LAL,Los Angeles Lakers,0048700037,1988-05-10,LAL vs. UTH,L,240,97,37,92,0.402,6,11,0.545,17,20,0.85,18,31,49,23,8,9,12,17,
317,41987,1610612747,LAL,Los Angeles Lakers,0048700036,1988-05-08,LAL vs. UTH,W,240,110,43,80,0.538,1,5,0.2,23,25,0.92,14,29,43,25,9,5,18,16,
318,41987,1610612747,LAL,Los Angeles Lakers,0048700020,1988-05-03,LAL @ SAN,W,240,109,43,85,0.506,1,1,1.0,22,27,0.815,11,34,45,27,6,3,17,18,
319,41987,1610612747,LAL,Los Angeles Lakers,0048700016,1988-05-01,LAL vs. SAN,W,240,130,50,89,0.562,1,3,0.333,29,38,0.763,13,38,51,29,8,8,15,24,
320,41987,1610612747,LAL,Los Angeles Lakers,0048700005,1988-04-29,LAL vs. SAN,W,240,122,51,87,0.586,2,4,0.5,18,25,0.72,15,30,45,39,11,9,26,23,
321,21987,1610612747,LAL,Los Angeles Lakers,0028700939,1988-04-24,LAL vs. GOS,W,240,136,51,98,0.52,1,5,0.2,33,48,0.688,21,34,55,38,11,9,11,15,
322,21987,1610612747,LAL,Los Angeles Lakers,0028700927,1988-04-22,LAL @ PHX,W,240,117,48,85,0.565,0,5,0.0,21,29,0.724,10,26,36,33,11,5,12,22,
323,21987,1610612747,LAL,Los Angeles Lakers,0028700913,1988-04-20,LAL @ DAL,W,240,114,44,75,0.587,3,5,0.6,23,27,0.852,11,32,43,37,4,4,18,23,
324,21987,1610612747,LAL,Los Angeles Lakers,0028700911,1988-04-19,LAL @ SAN,W,240,133,54,87,0.621,4,9,0.444,21,26,0.808,8,30,38,23,3,3,17,23,
325,21987,1610612747,LAL,Los Angeles Lakers,0028700899,1988-04-17,LAL @ HOU,L,240,119,46,94,0.489,2,6,0.333,25,29,0.862,17,29,46,25,5,3,18,26,
326,21987,1610612747,LAL,Los Angeles Lakers,0028700880,1988-04-15,LAL vs. PHX,W,240,117,45,85,0.529,5,8,0.625,22,31,0.71,8,28,36,39,8,4,12,19,
327,21987,1610612747,LAL,Los Angeles Lakers,0028700873,1988-04-13,LAL @ DEN,L,240,106,42,90,0.467,1,5,0.2,21,29,0.724,13,35,48,26,4,3,19,17,
328,21987,1610612747,LAL,Los Angeles Lakers,0028700868,1988-04-12,LAL vs. POR,W,240,109,44,85,0.518,0,6,0.0,21,30,0.7,15,37,52,30,10,5,18,24,
329,21987,1610612747,LAL,Los Angeles Lakers,0028700852,1988-04-09,LAL @ POR,L,240,109,49,89,0.551,1,10,0.1,10,13,0.769,8,19,27,33,7,3,15,24,
330,21987,1610612747,LAL,Los Angeles Lakers,0028700838,1988-04-08,LAL vs. LAC,W,240,126,55,103,0.534,0,2,0.0,16,21,0.762,17,30,47,40,12,13,14,27,
331,21987,1610612747,LAL,Los Angeles Lakers,0028700819,1988-04-05,LAL vs. SEA,W,240,94,26,68,0.382,1,4,0.25,41,54,0.759,15,23,38,15,13,6,19,24,
332,21987,1610612747,LAL,Los Angeles Lakers,0028700813,1988-04-03,LAL vs. SAC,W,240,108,47,92,0.511,0,2,0.0,14,20,0.7,12,24,36,37,12,6,10,20,
333,21987,1610612747,LAL,Los Angeles Lakers,0028700811,1988-04-02,LAL @ UTH,L,240,92,34,83,0.41,1,5,0.2,23,34,0.676,13,30,43,19,9,5,16,18,
334,21987,1610612747,LAL,Los Angeles Lakers,0028700784,1988-03-29,LAL vs. UTH,W,240,122,48,91,0.527,1,6,0.167,25,28,0.893,19,35,54,34,9,5,21,26,
335,21987,1610612747,LAL,Los Angeles Lakers,0028700779,1988-03-26,LAL @ SAC,L,240,92,37,84,0.44,1,3,0.333,17,22,0.773,13,26,39,21,8,5,12,23,
336,21987,1610612747,LAL,Los Angeles Lakers,0028700767,1988-03-25,LAL vs. DEN,L,240,119,49,83,0.59,1,4,0.25,20,25,0.8,9,26,35,40,12,5,18,24,
337,21987,1610612747,LAL,Los Angeles Lakers,0028700749,1988-03-22,LAL vs. HOU,W,240,117,42,82,0.512,0,1,0.0,33,45,0.733,15,33,48,31,10,2,16,25,
338,21987,1610612747,LAL,Los Angeles Lakers,0028700737,1988-03-20,LAL @ GOS,W,240,130,52,88,0.591,3,6,0.5,23,28,0.821,18,20,38,35,11,4,21,24,
339,21987,1610612747,LAL,Los Angeles Lakers,0028700730,1988-03-19,LAL @ PHX,L,240,95,39,83,0.47,0,3,0.0,17,24,0.708,17,34,51,24,11,2,21,14,
340,21987,1610612747,LAL,Los Angeles Lakers,0028700711,1988-03-15,LAL @ POR,L,240,95,36,80,0.45,1,4,0.25,22,27,0.815,11,27,38,18,7,3,23,18,
341,21987,1610612747,LAL,Los Angeles Lakers,0028700700,1988-03-14,LAL vs. NJN,W,240,115,46,80,0.575,1,4,0.25,22,26,0.846,5,29,34,39,4,7,17,15,
342,21987,1610612747,LAL,Los Angeles Lakers,0028700688,1988-03-12,LAL vs. DAL,L,240,101,41,89,0.461,1,6,0.167,18,26,0.692,14,30,44,27,4,2,14,15,
343,21987,1610612747,LAL,Los Angeles Lakers,0028700677,1988-03-10,LAL @ CHI,L,240,107,46,93,0.495,0,4,0.0,15,19,0.789,14,26,40,23,6,4,16,19,
344,21987,1610612747,LAL,Los Angeles Lakers,0028700672,1988-03-09,LAL @ NYK,W,240,104,36,83,0.434,0,5,0.0,32,34,0.941,17,33,50,19,5,3,20,12,
345,21987,1610612747,LAL,Los Angeles Lakers,0028700663,1988-03-07,LAL @ PHL,W,240,110,42,81,0.519,1,4,0.25,25,32,0.781,13,26,39,30,5,8,8,19,
346,21987,1610612747,LAL,Los Angeles Lakers,0028700659,1988-03-06,LAL @ DAL,W,240,108,44,86,0.512,0,2,0.0,20,24,0.833,16,36,52,32,6,3,13,18,
347,21987,1610612747,LAL,Los Angeles Lakers,0028700641,1988-03-04,LAL vs. GOS,W,240,120,41,91,0.451,1,5,0.2,37,40,0.925,18,34,52,34,6,8,24,19,
348,21987,1610612747,LAL,Los Angeles Lakers,0028700627,1988-03-01,LAL @ SEA,L,240,100,33,78,0.423,2,9,0.222,32,38,0.842,11,35,46,18,4,3,19,19,
349,21987,1610612747,LAL,Los Angeles Lakers,0028700616,1988-02-28,LAL vs. PHX,W,240,111,47,83,0.566,2,5,0.4,15,18,0.833,11,23,34,34,9,6,21,15,
350,21987,1610612747,LAL,Los Angeles Lakers,0028700608,1988-02-26,LAL vs. UTH,W,240,112,37,83,0.446,3,9,0.333,35,47,0.745,15,30,45,28,5,7,9,23,
351,21987,1610612747,LAL,Los Angeles Lakers,0028700589,1988-02-23,LAL vs. WAS,W,240,111,43,90,0.478,3,8,0.375,22,30,0.733,18,26,44,30,9,10,13,23,
352,21987,1610612747,LAL,Los Angeles Lakers,0028700575,1988-02-21,LAL vs. DET,W,240,117,45,95,0.474,1,5,0.2,26,31,0.839,16,25,41,31,8,4,8,28,
353,21987,1610612747,LAL,Los Angeles Lakers,0028700567,1988-02-19,LAL @ ATL,W,265,126,44,90,0.489,2,3,0.667,36,41,0.878,13,32,45,24,8,0,13,16,
354,21987,1610612747,LAL,Los Angeles Lakers,0028700560,1988-02-18,LAL @ HOU,W,240,111,46,84,0.548,3,7,0.429,16,21,0.762,7,39,46,20,6,4,19,22,
355,21987,1610612747,LAL,Los Angeles Lakers,0028700548,1988-02-16,LAL vs. LAC,W,240,119,44,82,0.537,3,7,0.429,28,31,0.903,10,27,37,30,16,5,17,22,
356,21987,1610612747,LAL,Los Angeles Lakers,0028700536,1988-02-14,LAL vs. BOS,W,240,115,44,87,0.506,3,7,0.429,24,32,0.75,12,24,36,31,11,5,7,14,
357,21987,1610612747,LAL,Los Angeles Lakers,0028700526,1988-02-12,LAL @ SAN,W,240,133,48,82,0.585,2,4,0.5,35,38,0.921,11,24,35,34,5,10,16,26,
358,21987,1610612747,LAL,Los Angeles Lakers,0028700518,1988-02-11,LAL @ DEN,W,240,120,47,86,0.547,2,4,0.5,24,30,0.8,10,34,44,28,9,3,15,17,
359,21987,1610612747,LAL,Los Angeles Lakers,0028700504,1988-02-09,LAL vs. IND,L,240,108,37,86,0.43,2,8,0.25,32,37,0.865,12,26,38,25,6,2,11,19,
360,21987,1610612747,LAL,Los Angeles Lakers,0028700492,1988-02-04,LAL @ LAC,W,240,117,54,96,0.563,2,8,0.25,7,11,0.636,16,43,59,39,8,5,15,24,
361,21987,1610612747,LAL,Los Angeles Lakers,0028700480,1988-02-02,LAL vs. CHI,W,240,110,44,77,0.571,2,8,0.25,20,23,0.87,2,32,34,32,6,3,13,19,
362,21987,1610612747,LAL,Los Angeles Lakers,0028700454,1988-01-29,LAL vs. ATL,W,240,117,44,82,0.537,5,6,0.833,24,33,0.727,7,28,35,31,10,7,17,22,
363,21987,1610612747,LAL,Los Angeles Lakers,0028700451,1988-01-28,LAL @ SAC,W,240,115,41,81,0.506,1,2,0.5,32,39,0.821,11,33,44,26,8,7,13,22,
364,21987,1610612747,LAL,Los Angeles Lakers,0028700438,1988-01-26,LAL vs. UTH,W,240,111,39,89,0.438,2,12,0.167,31,37,0.838,19,30,49,25,11,6,8,18,
365,21987,1610612747,LAL,Los Angeles Lakers,0028700429,1988-01-24,LAL @ SEA,W,240,116,43,84,0.512,1,4,0.25,29,35,0.829,11,38,49,21,7,3,18,15,
366,21987,1610612747,LAL,Los Angeles Lakers,0028700417,1988-01-22,LAL vs. NYK,W,240,113,38,82,0.463,2,6,0.333,35,42,0.833,17,25,42,30,8,3,18,11,
367,21987,1610612747,LAL,Los Angeles Lakers,0028700413,1988-01-21,LAL @ DEN,L,240,113,43,78,0.551,1,5,0.2,26,31,0.839,7,37,44,27,5,8,15,25,
368,21987,1610612747,LAL,Los Angeles Lakers,0028700397,1988-01-18,LAL vs. HOU,W,240,121,51,85,0.6,0,1,0.0,19,24,0.792,8,33,41,34,6,4,10,19,
369,21987,1610612747,LAL,Los Angeles Lakers,0028700387,1988-01-16,LAL @ PHX,W,240,107,44,88,0.5,1,5,0.2,18,23,0.783,14,25,39,29,6,4,9,19,
370,21987,1610612747,LAL,Los Angeles Lakers,0028700369,1988-01-13,LAL @ LAC,L,265,109,41,95,0.432,3,9,0.333,24,31,0.774,17,28,45,27,10,3,14,23,
371,21987,1610612747,LAL,Los Angeles Lakers,0028700359,1988-01-12,LAL vs. GOS,W,240,117,45,96,0.469,1,5,0.2,26,32,0.813,17,41,58,32,11,6,12,19,
372,21987,1610612747,LAL,Los Angeles Lakers,0028700351,1988-01-09,LAL @ IND,W,240,101,38,76,0.5,3,6,0.5,22,27,0.815,11,35,46,23,6,4,15,18,
373,21987,1610612747,LAL,Los Angeles Lakers,0028700342,1988-01-08,LAL @ DET,W,240,106,40,85,0.471,1,6,0.167,25,31,0.806,15,27,42,20,9,2,16,24,
374,21987,1610612747,LAL,Los Angeles Lakers,0028700331,1988-01-06,LAL vs. DAL,W,240,103,40,88,0.455,2,7,0.286,21,27,0.778,18,18,36,29,11,3,12,17,
375,21987,1610612747,LAL,Los Angeles Lakers,0028700316,1988-01-04,LAL vs. SAN,W,240,133,54,91,0.593,3,6,0.5,22,25,0.88,15,33,48,37,15,7,21,28,
376,21987,1610612747,LAL,Los Angeles Lakers,0028700314,1988-01-03,LAL @ POR,W,240,98,37,80,0.463,4,9,0.444,20,30,0.667,8,36,44,28,10,4,24,31,
377,21987,1610612747,LAL,Los Angeles Lakers,0028700289,1987-12-29,LAL vs. PHL,W,240,131,55,99,0.556,3,4,0.75,18,26,0.692,15,22,37,31,13,3,9,24,
378,21987,1610612747,LAL,Los Angeles Lakers,0028700279,1987-12-26,LAL @ UTH,W,240,117,46,96,0.479,3,6,0.5,22,27,0.815,14,31,45,30,9,2,6,18,
379,21987,1610612747,LAL,Los Angeles Lakers,0028700267,1987-12-23,LAL vs. SAC,W,240,117,53,100,0.53,1,4,0.25,10,13,0.769,18,30,48,37,10,11,13,21,
380,21987,1610612747,LAL,Los Angeles Lakers,0028700247,1987-12-20,LAL vs. SEA,W,240,103,39,81,0.481,0,6,0.0,25,31,0.806,14,29,43,29,9,6,16,20,
381,21987,1610612747,LAL,Los Angeles Lakers,0028700240,1987-12-19,LAL @ LAC,W,240,108,44,84,0.524,2,4,0.5,18,21,0.857,12,33,45,24,8,8,17,19,
382,21987,1610612747,LAL,Los Angeles Lakers,0028700232,1987-12-17,LAL @ GOS,W,240,113,44,91,0.484,1,3,0.333,24,35,0.686,16,27,43,27,11,4,14,19,
383,21987,1610612747,LAL,Los Angeles Lakers,0028700222,1987-12-15,LAL vs. PHX,W,240,122,45,88,0.511,1,7,0.143,31,36,0.861,9,40,49,33,13,7,18,21,
384,21987,1610612747,LAL,Los Angeles Lakers,0028700212,1987-12-13,LAL vs. CLE,W,240,90,36,80,0.45,0,8,0.0,18,21,0.857,13,28,41,24,13,5,27,24,
385,21987,1610612747,LAL,Los Angeles Lakers,0028700202,1987-12-11,LAL @ BOS,W,240,115,43,77,0.558,5,10,0.5,24,29,0.828,6,33,39,28,5,2,18,21,
386,21987,1610612747,LAL,Los Angeles Lakers,0028700187,1987-12-09,LAL @ WAS,L,265,112,45,87,0.517,0,5,0.0,22,33,0.667,14,29,43,24,9,6,24,35,
387,21987,1610612747,LAL,Los Angeles Lakers,0028700182,1987-12-08,LAL @ NJN,W,240,98,37,80,0.463,1,6,0.167,23,35,0.657,12,32,44,21,11,6,14,20,
388,21987,1610612747,LAL,Los Angeles Lakers,0028700172,1987-12-05,LAL @ CLE,L,240,95,35,85,0.412,2,7,0.286,23,29,0.793,18,25,43,22,7,2,15,16,
389,21987,1610612747,LAL,Los Angeles Lakers,0028700165,1987-12-04,LAL @ MIL,L,240,83,32,71,0.451,1,5,0.2,18,23,0.783,10,29,39,22,9,4,13,18,
390,21987,1610612747,LAL,Los Angeles Lakers,0028700156,1987-12-02,LAL vs. POR,L,240,104,40,82,0.488,2,12,0.167,22,35,0.629,8,29,37,30,7,7,11,18,
391,21987,1610612747,LAL,Los Angeles Lakers,0028700141,1987-12-01,LAL @ SAC,W,265,125,47,95,0.495,3,7,0.429,28,33,0.848,13,36,49,25,8,3,15,23,
392,21987,1610612747,LAL,Los Angeles Lakers,0028700123,1987-11-27,LAL vs. DEN,W,240,127,47,87,0.54,4,6,0.667,29,36,0.806,16,27,43,34,7,8,14,20,
393,21987,1610612747,LAL,Los Angeles Lakers,0028700107,1987-11-24,LAL @ SEA,L,240,85,30,79,0.38,1,8,0.125,24,27,0.889,10,27,37,16,6,3,24,25,
394,21987,1610612747,LAL,Los Angeles Lakers,0028700103,1987-11-22,LAL vs. MIL,L,265,116,49,101,0.485,1,10,0.1,17,22,0.773,14,31,45,30,5,6,14,22,
395,21987,1610612747,LAL,Los Angeles Lakers,0028700091,1987-11-20,LAL vs. DAL,W,240,119,48,82,0.585,5,7,0.714,18,27,0.667,12,29,41,31,6,3,20,24,
396,21987,1610612747,LAL,Los Angeles Lakers,0028700072,1987-11-17,LAL vs. POR,W,240,142,54,94,0.574,4,8,0.5,30,40,0.75,16,34,50,35,10,6,20,24,
397,21987,1610612747,LAL,Los Angeles Lakers,0028700063,1987-11-15,LAL vs. SAN,W,240,147,57,105,0.543,1,5,0.2,32,42,0.762,21,37,58,37,10,8,14,26,
398,21987,1610612747,LAL,Los Angeles Lakers,0028700057,1987-11-14,LAL @ GOS,W,240,118,45,85,0.529,2,6,0.333,26,34,0.765,9,29,38,26,6,2,16,20,
399,21987,1610612747,LAL,Los Angeles Lakers,0028700041,1987-11-12,LAL vs. LAC,W,240,111,41,86,0.477,2,6,0.333,27,34,0.794,10,44,54,29,5,6,13,18,
400,21987,1610612747,LAL,Los Angeles Lakers,0028700030,1987-11-10,LAL @ SAN,W,240,133,52,93,0.559,2,5,0.4,27,33,0.818,16,32,48,33,5,6,24,27,
401,21987,1610612747,LAL,Los Angeles Lakers,0028700022,1987-11-08,LAL vs. HOU,W,240,101,40,87,0.46,1,8,0.125,20,27,0.741,19,36,55,23,5,8,28,21,
402,21987,1610612747,LAL,Los Angeles Lakers,0028700004,1987-11-06,LAL vs. SEA,W,240,113,37,76,0.487,2,5,0.4,37,45,0.822,12,33,45,21,9,4,23,20,
